"SubjID","Type","Density"
"100307","Overall",0.959125442616122
"100307","Day 1",0.972112667499826
"100307","Day 2",0.974817399152954
"100307","Session 1",0.982597288759286
"100307","Session 2",0.982799677150594
"100307","Session 3",0.984711258071235
"100307","Session 4",0.984826511837812
