"SubjID","Type","Density"
"100408","Overall",0.939233406234812
"100408","Day 1",0.960332916753454
"100408","Day 2",0.964381812816774
"100408","Session 1",0.976276296604874
"100408","Session 2",0.979010969936819
"100408","Session 3",0.979762462681386
"100408","Session 4",0.979749097410262
