"SubjID","Type","Density"
"101006","Overall",0.942940880372145
"101006","Day 1",0.965354873984587
"101006","Day 2",0.961591335138513
"101006","Session 1",0.979692598764146
"101006","Session 2",0.978306082066236
"101006","Session 3",0.977773640908144
"101006","Session 4",0.977355064917031
