"SubjID","Type","Density"
"101309","Overall",0.937496268138582
"101309","Day 1",0.961342775810595
"101309","Day 2",0.962254304658752
"101309","Session 1",0.978600638755815
"101309","Session 2",0.977961969728529
"101309","Session 3",0.978800423522877
"101309","Session 4",0.977038811358745
