"SubjID","Type","Density"
"102816","Overall",0.941039019648684
"102816","Day 1",0.96670337776852
"102816","Day 2",0.962978632923696
"102816","Session 1",0.982355064917031
"102816","Session 2",0.979320020134694
"102816","Session 3",0.978416215371798
"102816","Session 4",0.979864264389363
