"SubjID","Type","Density"
"103818","Overall",0.95564179337638
"103818","Day 1",0.972926734013747
"103818","Day 2",0.970350361035895
"103818","Session 1",0.982003836006388
"103818","Session 2",0.984794574047074
"103818","Session 3",0.984258227452614
"103818","Session 4",0.980629122405055
