"SubjID","Type","Density"
"105115","Overall",0.955704193570784
"105115","Day 1",0.972280774838575
"105115","Day 2",0.9705668957856
"105115","Session 1",0.985117770603347
"105115","Session 2",0.980980698465597
"105115","Session 3",0.981872960494341
"105115","Session 4",0.983235870999097
