"SubjID","Type","Density"
"105216","Overall",0.967562486981879
"105216","Day 1",0.977030132611262
"105216","Day 2",0.979048548913421
"105216","Session 1",0.986271523293758
"105216","Session 2",0.985643181975977
"105216","Session 3",0.988514632368257
"105216","Session 4",0.984223686037631
