"SubjID","Type","Density"
"108323","Overall",0.960619228632924
"108323","Day 1",0.972906512532111
"108323","Day 2",0.974384763590919
"108323","Session 1",0.985344633062556
"108323","Session 2",0.981919218218427
"108323","Session 3",0.984542022495313
"108323","Session 4",0.982820506144553
