"SubjID","Type","Density"
"108525","Overall",0.927385180170798
"108525","Day 1",0.96011082760536
"108525","Day 2",0.950880545719642
"108525","Session 1",0.979740245087829
"108525","Session 2",0.97288637783795
"108525","Session 3",0.969213011178227
"108525","Session 4",0.97490696382698
