"SubjID","Type","Density"
"109325","Overall",0.958087898354509
"109325","Day 1",0.970828646809692
"109325","Day 2",0.974217090189544
"109325","Session 1",0.983501961396931
"109325","Session 2",0.981029299451503
"109325","Session 3",0.986743820731792
"109325","Session 4",0.980634763590919
