"SubjID","Type","Density"
"118730","Overall",0.945627907380407
"118730","Day 1",0.966881118516976
"118730","Day 2",0.964218218426717
"118730","Session 1",0.982308546830521
"118730","Session 2",0.97738899881969
"118730","Session 3",0.978337065194751
"118730","Session 4",0.979461049781296
