"SubjID","Type","Density"
"123420","Overall",0.944499496632646
"123420","Day 1",0.964730177740749
"123420","Day 2",0.966869749357773
"123420","Session 1",0.980122543914462
"123420","Session 2",0.979133774213706
"123420","Session 3",0.980049121710755
"123420","Session 4",0.982149031451781
