"SubjID","Type","Density"
"123925","Overall",0.951048739845865
"123925","Day 1",0.97246910365896
"123925","Day 2",0.965640665139207
"123925","Session 1",0.983675189196695
"123925","Session 2",0.982561358744706
"123925","Session 3",0.980586683329862
"123925","Session 4",0.979718721794071
