"SubjID","Type","Density"
"135225","Overall",0.953228928001111
"135225","Day 1",0.972076563910297
"135225","Day 2",0.965341508713462
"135225","Session 1",0.982716534749705
"135225","Session 2",0.98197675831424
"135225","Session 3",0.981768121224745
"135225","Session 4",0.976885023953343
