"SubjID","Type","Density"
"151728","Overall",0.945901201138652
"151728","Day 1",0.969133947788655
"151728","Day 2",0.963503523571478
"151728","Session 1",0.983768225369715
"151728","Session 2",0.979965979309866
"151728","Session 3",0.981109230715823
"151728","Session 4",0.977235298201764
