"SubjID","Type","Density"
"156637","Overall",0.945536520169409
"156637","Day 1",0.967226445879331
"156637","Day 2",0.964211015066306
"156637","Session 1",0.980700982434215
"156637","Session 2",0.980178521835729
"156637","Session 3",0.979292595292647
"156637","Session 4",0.979393268763452
