"SubjID","Type","Density"
"159239","Overall",0.952270273554121
"159239","Day 1",0.967980542248143
"159239","Day 2",0.970380215927237
"159239","Session 1",0.982211258071235
"159239","Session 2",0.97879113726307
"159239","Session 3",0.984372700131917
"159239","Session 4",0.97936844754565
