"SubjID","Type","Density"
"161630","Overall",0.954700583211831
"161630","Day 1",0.973872023189613
"161630","Day 2",0.965033933902659
"161630","Session 1",0.981292612650142
"161630","Session 2",0.98543541276123
"161630","Session 3",0.977015031590641
"161630","Session 4",0.979506786780532
