"SubjID","Type","Density"
"175035","Overall",0.942661251128237
"175035","Day 1",0.961447441505242
"175035","Day 2",0.965869436922863
"175035","Session 1",0.97687868846768
"175035","Session 2",0.978280392973686
"175035","Session 3",0.978747830313129
"175035","Session 4",0.98046110185378
