"SubjID","Type","Density"
"180129","Overall",0.946962785530792
"180129","Day 1",0.962576806915226
"180129","Day 2",0.968050492952857
"180129","Session 1",0.978752603624245
"180129","Session 2",0.977607529681316
"180129","Session 3",0.982277476914532
"180129","Session 4",0.978731948205235
