"SubjID","Type","Density"
"185139","Overall",0.963383322918836
"185139","Day 1",0.974534298410053
"185139","Day 2",0.97646913837395
"185139","Session 1",0.984426074428938
"185139","Session 2",0.983765014233146
"185139","Session 3",0.985766940915087
"185139","Session 4",0.984492727209609
