"SubjID","Type","Density"
"191033","Overall",0.95555648128862
"191033","Day 1",0.975551534402555
"191033","Day 2",0.964350048600986
"191033","Session 1",0.984732694577519
"191033","Session 2",0.984358293411095
"191033","Session 3",0.979184197736583
"191033","Session 4",0.978058564188016
