"SubjID","Type","Density"
"200109","Overall",0.95840692911199
"200109","Day 1",0.975019787544262
"200109","Day 2",0.969980993543012
"200109","Session 1",0.985543376379921
"200109","Session 2",0.98226810386725
"200109","Session 3",0.982945306533361
"200109","Session 4",0.979629417482469
