"SubjID","Type","Density"
"205220","Overall",0.94734013747136
"205220","Day 1",0.968757029785461
"205220","Day 2",0.964094199125182
"205220","Session 1",0.980633201416372
"205220","Session 2",0.981085450947719
"205220","Session 3",0.978349215441228
"205220","Session 4",0.979975873081997
