"SubjID","Type","Density"
"210415","Overall",0.936801100465181
"210415","Day 1",0.961284975352357
"210415","Day 2",0.960596490314518
"210415","Session 1",0.975591630215927
"210415","Session 2",0.9786082760536
"210415","Session 3",0.977746302853572
"210415","Session 4",0.976383739498715
