"SubjID","Type","Density"
"211720","Overall",0.954795789071721
"211720","Day 1",0.974532302298132
"211720","Day 2",0.968047368603763
"211720","Session 1",0.980101280983128
"211720","Session 2",0.988576598625286
"211720","Session 3",0.979696243838089
"211720","Session 4",0.982205096160522
