"SubjID","Type","Density"
"307127","Overall",0.93654906963827
"307127","Day 1",0.963074706658335
"307127","Day 2",0.960873602721655
"307127","Session 1",0.978719884746233
"307127","Session 2",0.978443987363744
"307127","Session 3",0.977259772269666
"307127","Session 4",0.978742796639589
